URL,Lastmod,Changefreq,Priority
https://mirror.heymanifestation.com/,2025-03-19,daily,1.0
https://mirror.heymanifestation.com/app_demo,2025-03-09,weekly,0.9
https://mirror.heymanifestation.com/de,2025-03-09,weekly,0.9
https://mirror.heymanifestation.com/history,2025-03-09,weekly,0.9
https://mirror.heymanifestation.com/home,2025-03-09,weekly,0.9
https://mirror.heymanifestation.com/practice,2025-03-09,weekly,0.9
https://mirror.heymanifestation.com/privacy,2025-03-09,weekly,0.9
https://mirror.heymanifestation.com/profile,2025-03-09,weekly,0.9
https://mirror.heymanifestation.com/terms,2025-03-09,weekly,0.9
https://mirror.heymanifestation.com/zh,2025-03-09,weekly,0.9